centavos,shtpGvYeDO0
zapata,shtpGvYeDO0
emiliano,shtpGvYeDO0
precio,shtpGvYeDO0
salazar,shtpGvYeDO0
zapata,F-JvWXOO2y0
discapacidad,F-JvWXOO2y0
emiliano,F-JvWXOO2y0
salazar,F-JvWXOO2y0
bosque,F-JvWXOO2y0
bosque,vzGdEc1qO90
aeropuerto,vzGdEc1qO90
centavos,vzGdEc1qO90
precio,vzGdEc1qO90
precios,vzGdEc1qO90
zapata,p_3VdAoL9Rk
emiliano,p_3VdAoL9Rk
bosque,p_3VdAoL9Rk
helicóptero,p_3VdAoL9Rk
salazar,p_3VdAoL9Rk
helicóptero,idf83IkRxV0
zapata,idf83IkRxV0
motores,idf83IkRxV0
discapacidad,idf83IkRxV0
emiliano,idf83IkRxV0
centavos,W7gEbOv5Fac
imaginen,W7gEbOv5Fac
anti,W7gEbOv5Fac
mejoría,W7gEbOv5Fac
sentirse,W7gEbOv5Fac
ductos,WGW62oVosXg
combustible,WGW62oVosXg
ducto,WGW62oVosXg
barriles,WGW62oVosXg
pipas,WGW62oVosXg
zapata,780IpaNeey8
discapacidad,780IpaNeey8
emiliano,780IpaNeey8
salazar,780IpaNeey8
bosque,780IpaNeey8
sueldos,MuDQFaaGBeQ
zapata,MuDQFaaGBeQ
planta,MuDQFaaGBeQ
sindicatos,MuDQFaaGBeQ
pemex,MuDQFaaGBeQ
bosque,IfuJotEx-xY
aeropuerto,IfuJotEx-xY
centavos,IfuJotEx-xY
precio,IfuJotEx-xY
precios,IfuJotEx-xY
zapata,V8xMYYg-0cc
discapacidad,V8xMYYg-0cc
emiliano,V8xMYYg-0cc
salazar,V8xMYYg-0cc
bosque,V8xMYYg-0cc
centavos,fa9BjSKYe60
embajadores,fa9BjSKYe60
amigas,fa9BjSKYe60
clandestinas,fa9BjSKYe60
heridos,fa9BjSKYe60
centavos,NniyFJHyzgk
imaginen,NniyFJHyzgk
anti,NniyFJHyzgk
mejoría,NniyFJHyzgk
sentirse,NniyFJHyzgk
ductos,6F-P1P5XOAs
combustible,6F-P1P5XOAs
ducto,6F-P1P5XOAs
barriles,6F-P1P5XOAs
pipas,6F-P1P5XOAs
bosque,EcQFqqETvNY
aeropuerto,EcQFqqETvNY
centavos,EcQFqqETvNY
precio,EcQFqqETvNY
precios,EcQFqqETvNY
maestros,QWIm78nfyms
normales,QWIm78nfyms
escuelas,QWIm78nfyms
educación,QWIm78nfyms
ductos,QWIm78nfyms
centavos,_bvZwXlJmTk
imaginen,_bvZwXlJmTk
anti,_bvZwXlJmTk
mejoría,_bvZwXlJmTk
sentirse,_bvZwXlJmTk
helicóptero,ClcXgwt75vE
zapata,ClcXgwt75vE
motores,ClcXgwt75vE
discapacidad,ClcXgwt75vE
emiliano,ClcXgwt75vE
maestros,M2DewIjoxT0
normales,M2DewIjoxT0
escuelas,M2DewIjoxT0
educación,M2DewIjoxT0
ductos,M2DewIjoxT0
centavos,2s6IRoEsbNU
zapata,2s6IRoEsbNU
emiliano,2s6IRoEsbNU
precio,2s6IRoEsbNU
salazar,2s6IRoEsbNU
centavos,oO_d2oUgPPM
embajadores,oO_d2oUgPPM
amigas,oO_d2oUgPPM
clandestinas,oO_d2oUgPPM
heridos,oO_d2oUgPPM
bosque,R30P2baYQD0
aeropuerto,R30P2baYQD0
centavos,R30P2baYQD0
precio,R30P2baYQD0
precios,R30P2baYQD0
zapata,8-wAcxMwY_c
emiliano,8-wAcxMwY_c
bosque,8-wAcxMwY_c
helicóptero,8-wAcxMwY_c
salazar,8-wAcxMwY_c
helicóptero,NPyzkyLEDlg
zapata,NPyzkyLEDlg
motores,NPyzkyLEDlg
discapacidad,NPyzkyLEDlg
emiliano,NPyzkyLEDlg
ductos,nrqRq243dSM
combustible,nrqRq243dSM
ducto,nrqRq243dSM
barriles,nrqRq243dSM
pipas,nrqRq243dSM
helicóptero,myfmAlUEfZw
zapata,myfmAlUEfZw
motores,myfmAlUEfZw
discapacidad,myfmAlUEfZw
emiliano,myfmAlUEfZw
centavos,1P4H3P27Dg0
embajadores,1P4H3P27Dg0
amigas,1P4H3P27Dg0
clandestinas,1P4H3P27Dg0
heridos,1P4H3P27Dg0
helicóptero,wc4h5YQaWeg
zapata,wc4h5YQaWeg
motores,wc4h5YQaWeg
discapacidad,wc4h5YQaWeg
emiliano,wc4h5YQaWeg
sueldos,17srMJ00WjQ
zapata,17srMJ00WjQ
planta,17srMJ00WjQ
sindicatos,17srMJ00WjQ
pemex,17srMJ00WjQ
maestros,qp809gnaWaQ
normales,qp809gnaWaQ
escuelas,qp809gnaWaQ
educación,qp809gnaWaQ
ductos,qp809gnaWaQ
centavos,vLSikFZFde4
zapata,vLSikFZFde4
emiliano,vLSikFZFde4
precio,vLSikFZFde4
salazar,vLSikFZFde4
helicóptero,0HMYO6pe-u0
zapata,0HMYO6pe-u0
motores,0HMYO6pe-u0
discapacidad,0HMYO6pe-u0
emiliano,0HMYO6pe-u0
sueldos,idp36FJVhgE
zapata,idp36FJVhgE
planta,idp36FJVhgE
sindicatos,idp36FJVhgE
pemex,idp36FJVhgE
centavos,F_cu-TD6orQ
zapata,F_cu-TD6orQ
emiliano,F_cu-TD6orQ
precio,F_cu-TD6orQ
salazar,F_cu-TD6orQ
bosque,vHZXPILMmLs
aeropuerto,vHZXPILMmLs
centavos,vHZXPILMmLs
precio,vHZXPILMmLs
precios,vHZXPILMmLs
zapata,0DFDBV_nxCY
discapacidad,0DFDBV_nxCY
emiliano,0DFDBV_nxCY
salazar,0DFDBV_nxCY
bosque,0DFDBV_nxCY
sueldos,QoUzYKkVtr0
zapata,QoUzYKkVtr0
planta,QoUzYKkVtr0
sindicatos,QoUzYKkVtr0
pemex,QoUzYKkVtr0
centavos,L-gc5gwHnKk
imaginen,L-gc5gwHnKk
anti,L-gc5gwHnKk
mejoría,L-gc5gwHnKk
sentirse,L-gc5gwHnKk
zapata,LekVPK9VQb8
emiliano,LekVPK9VQb8
bosque,LekVPK9VQb8
helicóptero,LekVPK9VQb8
salazar,LekVPK9VQb8
zapata,ONkFzVHRYeY
emiliano,ONkFzVHRYeY
bosque,ONkFzVHRYeY
helicóptero,ONkFzVHRYeY
salazar,ONkFzVHRYeY
centavos,3ZTjVcl5FEQ
zapata,3ZTjVcl5FEQ
emiliano,3ZTjVcl5FEQ
precio,3ZTjVcl5FEQ
salazar,3ZTjVcl5FEQ
bosque,nf7qnF7nKA8
aeropuerto,nf7qnF7nKA8
centavos,nf7qnF7nKA8
precio,nf7qnF7nKA8
precios,nf7qnF7nKA8
helicóptero,RAqxj3p0iUI
zapata,RAqxj3p0iUI
motores,RAqxj3p0iUI
discapacidad,RAqxj3p0iUI
emiliano,RAqxj3p0iUI
zapata,JXzXCn8H2FM
discapacidad,JXzXCn8H2FM
emiliano,JXzXCn8H2FM
salazar,JXzXCn8H2FM
bosque,JXzXCn8H2FM
sueldos,IYx5CkkWt-I
zapata,IYx5CkkWt-I
planta,IYx5CkkWt-I
sindicatos,IYx5CkkWt-I
pemex,IYx5CkkWt-I
centavos,hoxXynpBj1g
embajadores,hoxXynpBj1g
amigas,hoxXynpBj1g
clandestinas,hoxXynpBj1g
heridos,hoxXynpBj1g
centavos,ri2By6b2me4
zapata,ri2By6b2me4
emiliano,ri2By6b2me4
precio,ri2By6b2me4
salazar,ri2By6b2me4
centavos,ChSJ62EjPKI
zapata,ChSJ62EjPKI
emiliano,ChSJ62EjPKI
precio,ChSJ62EjPKI
salazar,ChSJ62EjPKI
centavos,ZRYQ0OrniQY
zapata,ZRYQ0OrniQY
emiliano,ZRYQ0OrniQY
precio,ZRYQ0OrniQY
salazar,ZRYQ0OrniQY
embajadores,I08Hx-SCYko
amigas,I08Hx-SCYko
aplausos,I08Hx-SCYko
exterior,I08Hx-SCYko
consulados,I08Hx-SCYko
centavos,heyhU6wtVhU
embajadores,heyhU6wtVhU
amigas,heyhU6wtVhU
clandestinas,heyhU6wtVhU
heridos,heyhU6wtVhU
zapata,jR3SWpFuXOg
discapacidad,jR3SWpFuXOg
emiliano,jR3SWpFuXOg
salazar,jR3SWpFuXOg
bosque,jR3SWpFuXOg
centavos,DztvKEuxJfY
embajadores,DztvKEuxJfY
amigas,DztvKEuxJfY
clandestinas,DztvKEuxJfY
heridos,DztvKEuxJfY
sueldos,wCoqHmD_k_A
zapata,wCoqHmD_k_A
planta,wCoqHmD_k_A
sindicatos,wCoqHmD_k_A
pemex,wCoqHmD_k_A
helicóptero,nTnxCxLXH4I
zapata,nTnxCxLXH4I
motores,nTnxCxLXH4I
discapacidad,nTnxCxLXH4I
emiliano,nTnxCxLXH4I
zapata,rXVCCZSK5Qw
emiliano,rXVCCZSK5Qw
bosque,rXVCCZSK5Qw
helicóptero,rXVCCZSK5Qw
salazar,rXVCCZSK5Qw
bosque,aCdms4jjuR8
aeropuerto,aCdms4jjuR8
centavos,aCdms4jjuR8
precio,aCdms4jjuR8
precios,aCdms4jjuR8
maestros,VvEDh0PtUHo
normales,VvEDh0PtUHo
escuelas,VvEDh0PtUHo
educación,VvEDh0PtUHo
ductos,VvEDh0PtUHo
ductos,dbhC0hhiHqU
combustible,dbhC0hhiHqU
ducto,dbhC0hhiHqU
barriles,dbhC0hhiHqU
pipas,dbhC0hhiHqU
zapata,2vAdxzN-NeY
emiliano,2vAdxzN-NeY
bosque,2vAdxzN-NeY
helicóptero,2vAdxzN-NeY
salazar,2vAdxzN-NeY
zapata,oJBX4z4YQ00
emiliano,oJBX4z4YQ00
bosque,oJBX4z4YQ00
helicóptero,oJBX4z4YQ00
salazar,oJBX4z4YQ00
maestros,F0H1qceNrVU
normales,F0H1qceNrVU
escuelas,F0H1qceNrVU
educación,F0H1qceNrVU
ductos,F0H1qceNrVU
helicóptero,zpxIXb6ZNfE
zapata,zpxIXb6ZNfE
motores,zpxIXb6ZNfE
discapacidad,zpxIXb6ZNfE
emiliano,zpxIXb6ZNfE
helicóptero,CRWJhp3G9dc
zapata,CRWJhp3G9dc
motores,CRWJhp3G9dc
discapacidad,CRWJhp3G9dc
emiliano,CRWJhp3G9dc
centavos,sKU7D6J-R5E
embajadores,sKU7D6J-R5E
amigas,sKU7D6J-R5E
clandestinas,sKU7D6J-R5E
heridos,sKU7D6J-R5E
helicóptero,jrwuO-a7dcw
zapata,jrwuO-a7dcw
motores,jrwuO-a7dcw
discapacidad,jrwuO-a7dcw
emiliano,jrwuO-a7dcw
ductos,3FTNeznwEdY
combustible,3FTNeznwEdY
ducto,3FTNeznwEdY
barriles,3FTNeznwEdY
pipas,3FTNeznwEdY
centavos,SSnQGWZtga0
embajadores,SSnQGWZtga0
amigas,SSnQGWZtga0
clandestinas,SSnQGWZtga0
heridos,SSnQGWZtga0
centavos,cpA3h4itrLg
embajadores,cpA3h4itrLg
amigas,cpA3h4itrLg
clandestinas,cpA3h4itrLg
heridos,cpA3h4itrLg
centavos,ZO_6q_qJh_4
zapata,ZO_6q_qJh_4
emiliano,ZO_6q_qJh_4
precio,ZO_6q_qJh_4
salazar,ZO_6q_qJh_4
ductos,Q00jpsfO0bw
combustible,Q00jpsfO0bw
ducto,Q00jpsfO0bw
barriles,Q00jpsfO0bw
pipas,Q00jpsfO0bw
sueldos,FwSYDZEkars
zapata,FwSYDZEkars
planta,FwSYDZEkars
sindicatos,FwSYDZEkars
pemex,FwSYDZEkars
zapata,ODB700s3t3E
emiliano,ODB700s3t3E
bosque,ODB700s3t3E
helicóptero,ODB700s3t3E
salazar,ODB700s3t3E
ductos,GhnlC5lomHE
combustible,GhnlC5lomHE
ducto,GhnlC5lomHE
barriles,GhnlC5lomHE
pipas,GhnlC5lomHE
centavos,ZlKvVKTagyI
zapata,ZlKvVKTagyI
emiliano,ZlKvVKTagyI
precio,ZlKvVKTagyI
salazar,ZlKvVKTagyI
ductos,13Nh26p8bGA
combustible,13Nh26p8bGA
ducto,13Nh26p8bGA
barriles,13Nh26p8bGA
pipas,13Nh26p8bGA
helicóptero,WUwnbCRgqEI
zapata,WUwnbCRgqEI
motores,WUwnbCRgqEI
discapacidad,WUwnbCRgqEI
emiliano,WUwnbCRgqEI
helicóptero,iO29R-gri3Q
zapata,iO29R-gri3Q
motores,iO29R-gri3Q
discapacidad,iO29R-gri3Q
emiliano,iO29R-gri3Q
zapata,_mu6do6pw3Y
emiliano,_mu6do6pw3Y
bosque,_mu6do6pw3Y
helicóptero,_mu6do6pw3Y
salazar,_mu6do6pw3Y
maestros,NwL2B708QmI
normales,NwL2B708QmI
escuelas,NwL2B708QmI
educación,NwL2B708QmI
ductos,NwL2B708QmI
ductos,ZxfpNz_zeUE
combustible,ZxfpNz_zeUE
ducto,ZxfpNz_zeUE
barriles,ZxfpNz_zeUE
pipas,ZxfpNz_zeUE
centavos,MCUcqKpc5GA
embajadores,MCUcqKpc5GA
amigas,MCUcqKpc5GA
clandestinas,MCUcqKpc5GA
heridos,MCUcqKpc5GA
zapata,oec_4aE3_sg
emiliano,oec_4aE3_sg
bosque,oec_4aE3_sg
helicóptero,oec_4aE3_sg
salazar,oec_4aE3_sg
maestros,o1am1O1QU2Q
normales,o1am1O1QU2Q
escuelas,o1am1O1QU2Q
educación,o1am1O1QU2Q
ductos,o1am1O1QU2Q
centavos,b-chb0PE_Qk
imaginen,b-chb0PE_Qk
anti,b-chb0PE_Qk
mejoría,b-chb0PE_Qk
sentirse,b-chb0PE_Qk
sueldos,8v-DIUBeSoM
zapata,8v-DIUBeSoM
planta,8v-DIUBeSoM
sindicatos,8v-DIUBeSoM
pemex,8v-DIUBeSoM
maestros,IxkNLAZDTNw
normales,IxkNLAZDTNw
escuelas,IxkNLAZDTNw
educación,IxkNLAZDTNw
ductos,IxkNLAZDTNw
ductos,levTA2wltxo
combustible,levTA2wltxo
ducto,levTA2wltxo
barriles,levTA2wltxo
pipas,levTA2wltxo
bosque,XllJaYAiBmg
aeropuerto,XllJaYAiBmg
centavos,XllJaYAiBmg
precio,XllJaYAiBmg
precios,XllJaYAiBmg
zapata,GZwHoJgZIck
emiliano,GZwHoJgZIck
bosque,GZwHoJgZIck
helicóptero,GZwHoJgZIck
salazar,GZwHoJgZIck
sueldos,X0azEDiMnnI
zapata,X0azEDiMnnI
planta,X0azEDiMnnI
sindicatos,X0azEDiMnnI
pemex,X0azEDiMnnI
maestros,zwTZvs_1zM8
normales,zwTZvs_1zM8
escuelas,zwTZvs_1zM8
educación,zwTZvs_1zM8
ductos,zwTZvs_1zM8
helicóptero,S20uET1FKn8
zapata,S20uET1FKn8
motores,S20uET1FKn8
discapacidad,S20uET1FKn8
emiliano,S20uET1FKn8
centavos,6yq3vvmpEUI
zapata,6yq3vvmpEUI
emiliano,6yq3vvmpEUI
precio,6yq3vvmpEUI
salazar,6yq3vvmpEUI
maestros,Hw0RWbfAJuU
normales,Hw0RWbfAJuU
escuelas,Hw0RWbfAJuU
educación,Hw0RWbfAJuU
ductos,Hw0RWbfAJuU
embajadores,7FJwQEXRWuQ
amigas,7FJwQEXRWuQ
aplausos,7FJwQEXRWuQ
exterior,7FJwQEXRWuQ
consulados,7FJwQEXRWuQ
helicóptero,tpfQnyZXfsY
zapata,tpfQnyZXfsY
motores,tpfQnyZXfsY
discapacidad,tpfQnyZXfsY
emiliano,tpfQnyZXfsY
centavos,gF9jNA8CPrs
zapata,gF9jNA8CPrs
emiliano,gF9jNA8CPrs
precio,gF9jNA8CPrs
salazar,gF9jNA8CPrs
bosque,JrXwy2VZszI
aeropuerto,JrXwy2VZszI
centavos,JrXwy2VZszI
precio,JrXwy2VZszI
precios,JrXwy2VZszI
centavos,az9PLVnaNKA
imaginen,az9PLVnaNKA
anti,az9PLVnaNKA
mejoría,az9PLVnaNKA
sentirse,az9PLVnaNKA
centavos,v7WIjICFKL0
embajadores,v7WIjICFKL0
amigas,v7WIjICFKL0
clandestinas,v7WIjICFKL0
heridos,v7WIjICFKL0
maestros,WtskUWiOi6Q
normales,WtskUWiOi6Q
escuelas,WtskUWiOi6Q
educación,WtskUWiOi6Q
ductos,WtskUWiOi6Q
bosque,XQmNr-1UCOk
aeropuerto,XQmNr-1UCOk
centavos,XQmNr-1UCOk
precio,XQmNr-1UCOk
precios,XQmNr-1UCOk
centavos,g4LIxwrTf6s
zapata,g4LIxwrTf6s
emiliano,g4LIxwrTf6s
precio,g4LIxwrTf6s
salazar,g4LIxwrTf6s
centavos,RAoesv_RzbA
embajadores,RAoesv_RzbA
amigas,RAoesv_RzbA
clandestinas,RAoesv_RzbA
heridos,RAoesv_RzbA
maestros,JCiy0LlnSCw
normales,JCiy0LlnSCw
escuelas,JCiy0LlnSCw
educación,JCiy0LlnSCw
ductos,JCiy0LlnSCw
zapata,HbHJ9ct4Shk
discapacidad,HbHJ9ct4Shk
emiliano,HbHJ9ct4Shk
salazar,HbHJ9ct4Shk
bosque,HbHJ9ct4Shk
ductos,9MlodK9IC2k
combustible,9MlodK9IC2k
ducto,9MlodK9IC2k
barriles,9MlodK9IC2k
pipas,9MlodK9IC2k
zapata,gNTqp9V4SME
emiliano,gNTqp9V4SME
bosque,gNTqp9V4SME
helicóptero,gNTqp9V4SME
salazar,gNTqp9V4SME
ductos,t29i2JR3Heo
combustible,t29i2JR3Heo
ducto,t29i2JR3Heo
barriles,t29i2JR3Heo
pipas,t29i2JR3Heo
centavos,haeN29-9R-Q
imaginen,haeN29-9R-Q
anti,haeN29-9R-Q
mejoría,haeN29-9R-Q
sentirse,haeN29-9R-Q
ductos,xd0bZFkVYfw
combustible,xd0bZFkVYfw
ducto,xd0bZFkVYfw
barriles,xd0bZFkVYfw
pipas,xd0bZFkVYfw
zapata,w3aaQpY13gQ
emiliano,w3aaQpY13gQ
bosque,w3aaQpY13gQ
helicóptero,w3aaQpY13gQ
salazar,w3aaQpY13gQ
helicóptero,ROWkINFPWm4
zapata,ROWkINFPWm4
motores,ROWkINFPWm4
discapacidad,ROWkINFPWm4
emiliano,ROWkINFPWm4
ductos,cP5kSCyJWb8
combustible,cP5kSCyJWb8
ducto,cP5kSCyJWb8
barriles,cP5kSCyJWb8
pipas,cP5kSCyJWb8
